{"count":1,"self":11279.609036799999,"total":28612.0960255,"children":{"AgentSendState":{"count":3125651,"self":95.347718399999991,"total":710.40493329999993,"children":{"CollectObservations":{"count":5001048,"self":37.4112,"total":37.411198399999996,"children":null},"CollectDiscreteActionMasks":{"count":5001048,"self":8.7483392,"total":8.748339399999999,"children":null},"AgentInfo.ToProto":{"count":5001048,"self":31.4094272,"total":568.89767799999993,"children":{"GenerateSensorData":{"count":5001048,"self":123.6205696,"total":537.4882494,"children":{"RayPerceptionSensor.Perceive":{"count":15003144,"self":413.8676736,"total":413.8676805,"children":null}}}}}}},"DecideAction":{"count":3125651,"self":16505.585664,"total":16505.5862089,"children":null},"AgentAct":{"count":3125651,"self":115.8030848,"total":116.4933106,"children":{"AgentInfo.ToProto":{"count":5000,"self":0.040647699999999995,"total":0.69022529999999993,"children":{"GenerateSensorData":{"count":5000,"self":0.1524944,"total":0.6495776,"children":{"RayPerceptionSensor.Perceive":{"count":15000,"self":0.4970832,"total":0.4970832,"children":null}}}}}}}},"gauges":{"Hummingbird.CumulativeReward":{"count":5000,"max":61.6634445,"min":-26.5,"runningAverage":28.6813717,"value":50.4262352,"weightedAverage":38.37773}},"metadata":{"timer_format_version":"0.1.0","start_time_seconds":"1599951250","unity_version":"2020.1.1f1","command_line_arguments":"C:\\Program Files\\Unity\\Hub\\Editor\\2020.1.1f1\\Editor\\Unity.exe -projectpath C:\/Users\/OneCalledSyn\/Desktop\/Unity Games\/Hummingbirds -useHub -hubIPC -cloudEnvironment production -hubSessionId 7896ec10-f535-11ea-8073-4998fb453d35","communication_protocol_version":"1.0.0","com.unity.ml-agents_version":"1.0.4","scene_name":"Training","end_time_seconds":"1599979862"}}